{"cameraMode":{"drawMode":0,"name":"Shaded","section":"Shading Mode"},"sceneLighting":false,"audioPlay":false,"sceneViewState":{"showFog":true,"showMaterialUpdate":true,"showSkybox":false,"showFlares":true,"showImageEffects":true,"showParticleSystems":true},"in2DMode":false,"pivot":{"x":-0.6189999580383301,"y":0.9950000047683716,"z":3.619999885559082},"rotation":{"x":-0.02468128316104412,"y":0.8116191625595093,"z":-0.5828636288642883,"w":-0.03409011289477348},"size":4.041658401489258,"orthographic":false}