{"cameraMode":{"drawMode":0,"name":"Shaded","section":"Shading Mode"},"sceneLighting":false,"audioPlay":false,"sceneViewState":{"showFog":true,"showMaterialUpdate":true,"showSkybox":false,"showFlares":true,"showImageEffects":true,"showParticleSystems":true},"in2DMode":false,"pivot":{"x":-0.6189999580383301,"y":0.9950000047683716,"z":5.050000190734863},"rotation":{"x":-0.20736049115657807,"y":0.663635790348053,"z":-0.19876603782176972,"w":-0.6908750534057617},"size":4.041658401489258,"orthographic":false}