{"cameraMode":{"drawMode":0,"name":"Shaded","section":"Shading Mode"},"sceneLighting":true,"audioPlay":false,"sceneViewState":{"showFog":true,"showMaterialUpdate":true,"showSkybox":true,"showFlares":true,"showImageEffects":true,"showParticleSystems":true},"in2DMode":false,"pivot":{"x":0.0,"y":0.9950000047683716,"z":3.619999885559082},"rotation":{"x":-0.03687320277094841,"y":-0.9366486072540283,"z":0.33225977420806887,"w":-0.10592320561408997},"size":36.340538024902347,"orthographic":false}