{"cameraMode":{"drawMode":0,"name":"Shaded","section":"Shading Mode"},"sceneLighting":true,"audioPlay":false,"sceneViewState":{"showFog":true,"showMaterialUpdate":true,"showSkybox":true,"showFlares":true,"showImageEffects":true,"showParticleSystems":true},"in2DMode":false,"pivot":{"x":1.2565640211105347,"y":2.7906436920166017,"z":15.211799621582032},"rotation":{"x":0.0039426349103450779,"y":0.9694081544876099,"z":-0.24527204036712647,"w":0.01623835600912571},"size":10.53231143951416,"orthographic":false}