{"cameraMode":{"drawMode":0,"name":"Shaded","section":"Shading Mode"},"sceneLighting":true,"audioPlay":false,"sceneViewState":{"showFog":true,"showMaterialUpdate":true,"showSkybox":true,"showFlares":true,"showImageEffects":true,"showParticleSystems":true},"in2DMode":false,"pivot":{"x":-1.5599243640899659,"y":1.7899070978164673,"z":3.875906229019165},"rotation":{"x":-0.08342480659484863,"y":0.8929786086082459,"z":-0.1849716752767563,"w":-0.40206289291381838},"size":23.400096893310548,"orthographic":false}