{"cameraMode":{"drawMode":0,"name":"Shaded","section":"Shading Mode"},"sceneLighting":true,"audioPlay":false,"sceneViewState":{"showFog":true,"showMaterialUpdate":true,"showSkybox":true,"showFlares":true,"showImageEffects":true,"showParticleSystems":true},"in2DMode":false,"pivot":{"x":0.0,"y":0.9950000047683716,"z":3.619999885559082},"rotation":{"x":0.11109471321105957,"y":-0.7711327075958252,"z":0.13892938196659089,"w":0.6115531921386719},"size":12.714216232299805,"orthographic":false}