{"cameraMode":{"drawMode":0,"name":"Shaded","section":"Shading Mode"},"sceneLighting":true,"audioPlay":false,"sceneViewState":{"showFog":true,"showMaterialUpdate":true,"showSkybox":true,"showFlares":true,"showImageEffects":true,"showParticleSystems":true},"in2DMode":false,"pivot":{"x":-1.3943275213241578,"y":1.6789898872375489,"z":-4.4573163986206059},"rotation":{"x":0.20321978628635407,"y":0.4965784549713135,"z":-0.12109649926424027,"w":0.8352279663085938},"size":19.08335304260254,"orthographic":false}