{"cameraMode":{"drawMode":0,"name":"Shaded","section":"Shading Mode"},"sceneLighting":true,"audioPlay":false,"sceneViewState":{"showFog":true,"showMaterialUpdate":true,"showSkybox":true,"showFlares":true,"showImageEffects":true,"showParticleSystems":true,"showVisualEffectGraphs":true,"m_FxEnabled":true},"in2DMode":false,"pivot":{"x":0.15697327256202699,"y":0.9798395037651062,"z":3.4209811687469484},"rotation":{"x":0.0332736000418663,"y":0.9551554322242737,"z":-0.2693682014942169,"w":0.11983897536993027},"size":19.40032386779785,"orthographic":false}