{"cameraMode":{"drawMode":0,"name":"Shaded","section":"Shading Mode"},"sceneLighting":true,"audioPlay":false,"sceneViewState":{"showFog":true,"showMaterialUpdate":true,"showSkybox":true,"showFlares":true,"showImageEffects":true,"showParticleSystems":true,"showVisualEffectGraphs":true,"m_FxEnabled":true},"in2DMode":false,"pivot":{"x":0.21057894825935365,"y":1.0071381330490113,"z":-0.5916385054588318},"rotation":{"x":0.041328415274620059,"y":0.9204559922218323,"z":-0.10474340617656708,"w":0.3747856318950653},"size":21.10139274597168,"orthographic":false}