{"cameraMode":{"drawMode":0,"name":"Shaded","section":"Shading Mode"},"sceneLighting":true,"audioPlay":false,"sceneViewState":{"showFog":true,"showMaterialUpdate":true,"showSkybox":true,"showFlares":true,"showImageEffects":true,"showParticleSystems":true},"in2DMode":false,"pivot":{"x":0.169669508934021,"y":1.72808837890625,"z":-0.3000147342681885},"rotation":{"x":-0.14922913908958436,"y":0.6692051291465759,"z":-0.13964049518108369,"w":-0.7145236134529114},"size":18.330951690673829,"orthographic":false}